Search,Cost,Clicks,Impressions,Conversions
viva real,"R$243,793.91","3,263,651","5,801,062",0.00
vivareal,"R$72,817.94","1,085,653","1,966,015",0.00
viva real imoveis,"R$31,062.73","435,243","731,526",0.00
viva real imóveis,"R$7,993.82","121,548","211,086",0.00
vivareal imoveis,"R$6,818.45","85,139","130,558",0.00
viva real imobiliária,"R$7,731.63","58,096","97,215",0.00
vila real,"R$11,000.50","37,801","95,069",0.00
viva real aluguel,"R$7,462.64","56,356","92,826",0.00
viva real são paulo,"R$9,868.08","36,093","57,976",0.00
viva real curitiba,"R$5,950.67","35,030","55,931",0.00
vila real imobiliária,"R$7,781.22","27,872","52,424",0.00
imobiliária viva real,"R$5,395.65","26,989","52,070",0.00
viva real bh,"R$4,842.85","32,954","48,693",0.00
viva imoveis,"R$4,124.60","13,262","46,996",0.00
viva real fortaleza,"R$3,836.20","28,071","46,072",0.00
netimoveis,R$580.13,904,"36,456",0.00
vivareal aluguel,"R$3,149.61","22,640","35,285",0.00
real imobiliaria,"R$1,353.58","3,320","32,515",0.00
viva real campinas,"R$3,225.75","19,919","32,462",0.00
viva real porto alegre,"R$3,286.34","19,670","31,014",0.00
viva real juiz de fora,"R$1,509.05","18,630","29,534",0.00
vivareal imóveis,"R$1,585.18","18,624","27,801",0.00
vivareal bh,"R$2,161.40","16,913","26,311",0.00
viva real piracicaba,"R$1,916.48","16,969","25,727",0.00
viva real belo horizonte,"R$2,967.32","15,571","25,262",0.00
viva real florianopolis,"R$2,433.77","14,377","22,368",0.00
viva real salvador,"R$3,250.89","13,022","22,093",0.00
viva real rio de janeiro,"R$2,655.50","12,439","21,787",0.00
vivareal com br,"R$1,298.80","11,868","21,352",0.00
vivareal curitiba,"R$1,600.14","12,983","20,541",0.00
aluguel belo horizonte,"R$2,674.16","4,735","20,384",0.00
viva real rj,"R$1,531.23","10,493","17,363",0.00
credito real,R$526.54,495,"17,203",0.00
casa para alugar,"R$1,651.75","2,919","16,536",0.00
viva real goiania,"R$1,776.98","8,395","13,900",0.00
viva real joão pessoa,"R$1,523.04","8,304","13,900",0.00
viva real recife,"R$1,047.05","8,194","13,792",0.00
vivareal rj,R$989.72,"7,739","13,609",0.00
aluguel rio de janeiro,"R$1,094.81","1,910","13,578",0.00
imobiliaria viva real,"R$1,274.63","6,392","13,541",0.00
viva real sorocaba,"R$1,190.41","8,261","13,072",0.00
imobiliária real,R$884.51,"2,605","12,416",0.00
viva real alugar,"R$1,001.00","8,037","11,933",0.00
imobiliária,R$309.54,637,"11,878",0.00
viva real londrina,R$896.17,"7,104","11,694",0.00
vivareal florianopolis,"R$1,021.04","7,548","11,661",0.00
casas para alugar,"R$1,099.44","2,193","11,530",0.00
apolar,R$329.92,439,"11,440",0.00
viva real uberlandia,R$696.95,"6,926","11,030",0.00
imobiliaria,R$307.90,585,"10,893",0.00
viva real sp,"R$1,385.23","6,212","10,602",0.00
imobiliária vila real,"R$1,280.96","4,198","10,483",0.00
aluguel bh,"R$1,725.03","2,737","10,463",0.00
aluguel são paulo,"R$1,057.84","1,751","10,074",0.00
viva real santos,"R$1,387.79","6,126","10,072",0.00
site viva real,R$784.27,"5,985","10,030",0.00
viva real natal,R$529.43,"5,783","9,756",0.00
vivare,R$724.02,"2,361","9,749",0.00
vivareal fortaleza,R$660.00,"5,921","9,679",0.00
vivareal porto alegre,R$846.28,"6,137","9,507",0.00
vivareal sp,"R$1,143.01","6,688","9,416",0.00
real imoveis,"R$1,302.69","4,276","9,168",0.00
viva real santo andre,"R$1,261.17","5,847","9,095",0.00
www vivareal com br,R$590.86,"4,938","8,952",0.00
viva real imobiliaria,R$742.78,"4,640","8,756",0.00
vivareal imobiliária,R$599.26,"5,044","8,671",0.00
viva real indaiatuba,R$856.20,"5,121","8,361",0.00
viva real joinville,R$786.04,"4,901","8,084",0.00
imoveis,R$405.71,989,"8,011",0.00
viva real ribeirão preto,R$904.72,"4,960","7,920",0.00
imobiliária perto de mim,R$303.59,461,"7,839",0.00
viva,R$557.54,"1,132","7,774",0.00
viva real ribeirao preto,R$748.65,"4,513","7,282",0.00
vivareal salvador,R$915.55,"4,499","7,244",0.00
viva real imóveis são paulo,"R$1,203.22","4,039","6,982",0.00
aluguel joinville,R$272.12,483,"6,750",0.00
viva real direto com proprietário,"R$1,014.62","1,889","6,640",0.00
viva real americana,R$422.18,"4,004","6,588",0.00
imobiliarias,R$379.79,500,"6,506",0.00
vivareal com br imóveis,R$348.58,"3,452","6,399",0.00
dfimoveis,R$35.49,49,"6,336",0.00
quarto andar,R$222.62,323,"6,234",0.00
chave na mao,R$77.41,84,"6,213",0.00
viva imoveis itajai,R$205.47,426,"6,161",0.00
aluguel caxias do sul,R$508.61,"1,118","6,097",0.00
viva real es,R$321.14,"3,993","6,084",0.00
aluguel brasilia,R$156.26,447,"6,068",0.00
viva real vila velha,R$720.57,"3,676","5,983",0.00
ibagy,R$96.39,124,"5,974",0.00
vivareal sao paulo,R$870.98,"3,662","5,870",0.00
viva real bauru,R$341.59,"3,487","5,857",0.00
lello imoveis,R$152.20,110,"5,805",0.00
viva real telefone,R$853.64,"1,052","5,793",0.00
viva real apartamento,R$565.92,"3,101","5,762",0.00
viva real praia grande,R$705.49,"3,369","5,693",0.00
chaves na mão curitiba,R$97.61,108,"5,692",0.00
viva real jundiai,R$770.10,"3,388","5,657",0.00
viva real são paulo sp,R$857.64,"3,529","5,578",0.00
imoveis para alugar,R$753.76,"1,143","5,522",0.00
imobiliária viva real telefone,R$818.96,"1,125","5,505",0.00
