Word,Cost,Clicks,Impressions,Conversions,Top Containing Queries
zap,"R$29,925.92","10,186","137,229",0.00,"(zap imoveis, zap pro, canal pro zap)"
pro,"R$60,372.75","13,584","102,666",0.00,"(canal pro, zap pro, canal pro zap)"
canal,"R$55,032.42","11,831","89,422",0.00,"(canal pro, canal pro zap, canal pro grupo zap)"
imoveis,"R$9,307.76","2,454","75,687",0.00,"(zap imoveis, corretor de imoveis, viva real imoveis)"
olx,"R$20,588.20","7,003","37,276",0.00,"(grupo olx, olx anunciar, olx)"
viva real,"R$7,014.72","1,677","29,494",0.00,"(viva real, viva real imoveis, viva real anunciar)"
mercado,"R$5,011.94","2,002","26,803",0.00,"(mercado imobiliário, mercado imobiliário 2022, mercado imobiliario)"
grupo,"R$16,407.38","5,226","25,920",0.00,"(grupo olx, grupo zap, canal pro grupo zap)"
mercado imobiliário,"R$3,749.84","1,522","20,252",0.00,"(mercado imobiliário, mercado imobiliário 2022)"
anunciar,"R$9,593.51","2,763","19,263",0.00,"(olx anunciar, viva real anunciar, anunciar)"
de,"R$7,163.27","1,475","18,301",0.00,"(corretor de imoveis, olx rio de janeiro, canal pro gestão de anúncios e contatos grupo zap)"
canalpro,"R$5,158.82","1,407","12,847",0.00,"(canalpro, canalpro zap, canalpro grupo zap)"
corretor de,"R$4,305.53",649,"12,340",0.00,"(corretor de imoveis, corretor de imóveis)"
zap+,"R$6,524.52","3,529","11,731",0.00,(zap+)
2022,"R$2,610.25","1,138","10,062",0.00,"(mercado imobiliário 2022, mercado imobiliario 2022)"
vender,"R$1,516.72",321,"7,252",0.00,"(vender no zap, vender, vender casa)"
zapimoveis,"R$2,011.79",515,"6,665",0.00,(zapimoveis)
mercado imobiliario,"R$1,262.10",480,"6,551",0.00,"(mercado imobiliario, noticias mercado imobiliario, mercado imobiliario 2022)"
vivareal,"R$1,730.56",322,"6,397",0.00,(vivareal)
imovelweb,R$339.35,183,"6,273",0.00,(imovelweb)
no,"R$2,212.08",500,"5,136",0.00,"(vender no zap, como anunciar no viva real, como anunciar no olx)"
imóveis,"R$1,715.73",324,"4,642",0.00,"(corretor de imóveis, viva real imóveis, melhor site para anunciar imóveis grátis)"
imovel,"R$1,216.41",354,"4,504",0.00,"(anunciar imovel, zap imovel, imovel web)"
são paulo,"R$1,234.52",567,"4,498",0.00,"(olx são paulo, zap imoveis são paulo)"
imóvel,"R$1,511.51",515,"4,032",0.00,"(anunciar imóvel grátis, olx anunciar imóvel, preciso vender imóvel urgente)"
anuncios,"R$1,274.75",425,"4,027",0.00,"(zip anuncios, zap anuncios)"
mais,"R$1,163.70","1,257","3,513",0.00,(zap mais)
janeiro,"R$1,136.11",400,"3,418",0.00,(olx rio de janeiro)
rio 2022,"R$1,136.11",400,"3,418",0.00,(olx rio de janeiro)
anúncios,"R$1,790.64",439,"3,394",0.00,"(canal pro gestão de anúncios e contatos grupo zap, anúncios)"
grátis,"R$1,530.19",455,"3,360",0.00,"(anunciar imóvel grátis, melhor site para anunciar imóveis grátis, olx anunciar grátis)"
zapmoveis,R$411.53,176,"3,338",0.00,(zapmoveis)
zapmais,"R$3,275.53","1,053","3,171",0.00,(zapmais)
zip,R$568.81,218,"2,870",0.00,(zip anuncios)
planos,"R$6,090.79","1,098","2,652",0.00,"(canal pro planos, planos olx)"
grupozap,R$750.88,249,"2,618",0.00,(grupozap)
contatos,"R$1,721.63",426,"2,543",0.00,(canal pro gestão de anúncios e contatos grupo zap)
gestão,"R$1,721.63",426,"2,543",0.00,(canal pro gestão de anúncios e contatos grupo zap)
e,"R$1,721.63",426,"2,543",0.00,(canal pro gestão de anúncios e contatos grupo zap)
login,"R$1,683.91",337,"2,527",0.00,(canal pro login)
wimoveis,R$140.18,78,"2,299",0.00,(wimoveis)
web,R$322.29,112,"2,199",0.00,"(zap web imoveis, imovel web)"
loja,R$538.08,223,"2,188",0.00,(loja zap)
aluguel,R$248.55,104,"2,152",0.00,(zap aluguel)
facil,R$159.81,32,"2,007",0.00,(zap facil)
chaves na,R$122.21,56,"1,955",0.00,"(chaves na mão, chaves na mao)"
móveis,R$252.47,105,"1,834",0.00,(zap móveis)
como anunciar,"R$1,161.95",298,"1,778",0.00,"(como anunciar no viva real, como anunciar no olx)"
imobiliária,R$314.86,149,"1,672",0.00,(imobiliária zap)
dfimoveis,R$49.25,22,"1,627",0.00,(dfimoveis)
anúncio,R$91.63,23,"1,591",0.00,(anúncio)
click,R$149.84,58,"1,543",0.00,(click zap)
entrar,"R$1,615.45",140,"1,362",0.00,(canal pro entrar)
responder,R$281.01,84,"1,277",0.00,(zap responder)
imobiliaria,R$190.89,43,"1,250",0.00,(imobiliaria)
explora,R$165.08,98,"1,244",0.00,(explora zap)
cloud,R$62.55,25,"1,215",0.00,(zap cloud)
unico,R$219.65,65,"1,201",0.00,(zap unico)
vista,R$68.10,15,"1,174",0.00,(vista)
zapcloud,R$173.56,182,"1,164",0.00,(zapcloud)
onde,R$462.23,153,"1,152",0.00,(onde anunciar imoveis)
noticias,R$346.50,109,"1,123",0.00,(noticias mercado imobiliario)
melhor,R$567.14,133,"1,110",0.00,(melhor site para anunciar imóveis grátis)
para,R$567.14,133,"1,110",0.00,(melhor site para anunciar imóveis grátis)
site,R$567.14,133,"1,110",0.00,(melhor site para anunciar imóveis grátis)
atende,R$150.34,33,"1,092",0.00,(atende zap)
mão,R$61.60,26,"1,081",0.00,(chaves na mão)
venda,R$277.06,70,"1,053",0.00,(venda zap)
anuncy,R$221.60,33,"1,026",0.00,(anuncy)
vendas,R$343.21,80,989,0.00,(zap vendas)
pró,R$798.74,119,957,0.00,(canal pró)
casa,R$191.56,72,947,0.00,(vender casa)
5,R$24.57,16,947,0.00,(5 andar)
andar,R$24.57,16,947,0.00,(5 andar)
com,R$201.20,73,941,0.00,(zap com br)
br,R$201.20,73,941,0.00,(zap com br)
vende,R$228.20,34,936,0.00,(vende zap)
moveis,R$30.42,16,925,0.00,(zap moveis)
direto,R$181.95,76,903,0.00,(zap direto)
brokers,R$26.59,4,875,0.00,(eemovel brokers)
eemovel,R$26.59,4,875,0.00,(eemovel brokers)
mao,R$60.61,30,874,0.00,(chaves na mao)
urgente,R$238.59,71,847,0.00,(preciso vender imóvel urgente)
preciso,R$238.59,71,847,0.00,(preciso vender imóvel urgente)
zappro,R$240.65,98,835,0.00,(zappro)
imo,R$112.67,34,828,0.00,(zap imo)
