Day,Start Hour,Impressions
Sunday,12 AM,"1,530,387"
Sunday,1 AM,"895,206"
Sunday,2 AM,"488,809"
Sunday,3 AM,"251,147"
Sunday,4 AM,"150,739"
Sunday,5 AM,"159,013"
Sunday,6 AM,"336,715"
Sunday,7 AM,"864,524"
Sunday,8 AM,"1,606,631"
Sunday,9 AM,"2,271,184"
Sunday,10 AM,"2,902,243"
Sunday,11 AM,"3,336,775"
Sunday,12 PM,"3,626,045"
Sunday,1 PM,"3,652,442"
Sunday,2 PM,"3,700,801"
Sunday,3 PM,"3,819,015"
Sunday,4 PM,"3,842,716"
Sunday,5 PM,"4,278,422"
Sunday,6 PM,"4,970,781"
Sunday,7 PM,"5,397,027"
Sunday,8 PM,"5,572,927"
Sunday,9 PM,"4,997,972"
Sunday,10 PM,"4,032,460"
Sunday,11 PM,"2,703,088"
Monday,12 AM,"1,303,748"
Monday,1 AM,"705,998"
Monday,2 AM,"381,272"
Monday,3 AM,"225,976"
Monday,4 AM,"149,704"
Monday,5 AM,"186,332"
Monday,6 AM,"441,924"
Monday,7 AM,"857,052"
Monday,8 AM,"1,297,227"
Monday,9 AM,"1,775,584"
Monday,10 AM,"2,259,824"
Monday,11 AM,"2,661,620"
Monday,12 PM,"3,098,007"
Monday,1 PM,"2,982,963"
Monday,2 PM,"2,911,500"
Monday,3 PM,"2,824,821"
Monday,4 PM,"3,042,639"
Monday,5 PM,"3,795,316"
Monday,6 PM,"5,107,079"
Monday,7 PM,"6,023,440"
Monday,8 PM,"6,821,675"
Monday,9 PM,"6,355,072"
Monday,10 PM,"4,987,212"
Monday,11 PM,"3,435,802"
Tuesday,12 AM,"1,462,145"
Tuesday,1 AM,"834,404"
Tuesday,2 AM,"447,805"
Tuesday,3 AM,"257,902"
Tuesday,4 AM,"176,426"
Tuesday,5 AM,"235,016"
Tuesday,6 AM,"566,780"
Tuesday,7 AM,"1,061,963"
Tuesday,8 AM,"1,469,918"
Tuesday,9 AM,"1,975,709"
Tuesday,10 AM,"2,494,740"
Tuesday,11 AM,"2,931,375"
Tuesday,12 PM,"3,209,948"
Tuesday,1 PM,"3,100,318"
Tuesday,2 PM,"2,926,814"
Tuesday,3 PM,"2,880,799"
Tuesday,4 PM,"3,046,420"
Tuesday,5 PM,"3,941,607"
Tuesday,6 PM,"5,455,611"
Tuesday,7 PM,"6,197,487"
Tuesday,8 PM,"6,301,678"
Tuesday,9 PM,"5,542,359"
Tuesday,10 PM,"4,830,938"
Tuesday,11 PM,"3,554,099"
Wednesday,12 AM,"1,554,203"
Wednesday,1 AM,"848,005"
Wednesday,2 AM,"453,560"
Wednesday,3 AM,"253,565"
Wednesday,4 AM,"173,921"
Wednesday,5 AM,"225,743"
Wednesday,6 AM,"534,315"
Wednesday,7 AM,"1,046,236"
Wednesday,8 AM,"1,441,806"
Wednesday,9 AM,"1,939,876"
Wednesday,10 AM,"2,375,631"
Wednesday,11 AM,"2,721,448"
Wednesday,12 PM,"3,105,447"
Wednesday,1 PM,"3,015,517"
Wednesday,2 PM,"2,824,250"
Wednesday,3 PM,"2,799,276"
Wednesday,4 PM,"2,802,239"
Wednesday,5 PM,"3,303,859"
Wednesday,6 PM,"4,541,439"
Wednesday,7 PM,"5,597,382"
Wednesday,8 PM,"6,366,986"
Wednesday,9 PM,"6,016,158"
Wednesday,10 PM,"4,577,037"
Wednesday,11 PM,"3,044,840"
Thursday,12 AM,"1,454,772"
Thursday,1 AM,"798,000"
Thursday,2 AM,"409,464"
Thursday,3 AM,"238,533"
Thursday,4 AM,"166,981"
Thursday,5 AM,"228,592"
Thursday,6 AM,"551,722"
Thursday,7 AM,"995,356"
Thursday,8 AM,"1,409,225"
Thursday,9 AM,"1,906,542"
Thursday,10 AM,"2,593,445"
Thursday,11 AM,"3,016,494"
Thursday,12 PM,"3,386,404"
Thursday,1 PM,"3,204,896"
Thursday,2 PM,"3,023,815"
Thursday,3 PM,"2,857,371"
Thursday,4 PM,"2,936,932"
Thursday,5 PM,"3,629,595"
Thursday,6 PM,"4,805,439"
Thursday,7 PM,"5,611,181"
Thursday,8 PM,"6,058,946"
Thursday,9 PM,"5,677,550"
Thursday,10 PM,"4,085,103"
Thursday,11 PM,"2,668,511"
Friday,12 AM,"1,370,760"
Friday,1 AM,"755,238"
Friday,2 AM,"394,969"
Friday,3 AM,"225,629"
Friday,4 AM,"158,456"
Friday,5 AM,"216,757"
Friday,6 AM,"516,540"
Friday,7 AM,"957,407"
Friday,8 AM,"1,348,851"
Friday,9 AM,"1,859,720"
Friday,10 AM,"2,408,430"
Friday,11 AM,"2,809,113"
Friday,12 PM,"3,086,723"
Friday,1 PM,"3,085,001"
Friday,2 PM,"2,985,152"
Friday,3 PM,"2,950,137"
Friday,4 PM,"3,099,501"
Friday,5 PM,"3,717,637"
Friday,6 PM,"4,665,689"
Friday,7 PM,"5,488,799"
Friday,8 PM,"5,465,969"
Friday,9 PM,"4,462,059"
Friday,10 PM,"3,551,082"
Friday,11 PM,"2,666,790"
Saturday,12 AM,"1,460,557"
Saturday,1 AM,"811,915"
Saturday,2 AM,"442,050"
Saturday,3 AM,"243,834"
Saturday,4 AM,"157,096"
Saturday,5 AM,"197,912"
Saturday,6 AM,"495,117"
Saturday,7 AM,"1,190,701"
Saturday,8 AM,"1,896,682"
Saturday,9 AM,"2,355,399"
Saturday,10 AM,"2,680,459"
Saturday,11 AM,"2,986,878"
Saturday,12 PM,"3,267,198"
Saturday,1 PM,"3,394,297"
Saturday,2 PM,"3,470,369"
Saturday,3 PM,"3,396,200"
Saturday,4 PM,"3,409,509"
Saturday,5 PM,"3,622,658"
Saturday,6 PM,"4,108,636"
Saturday,7 PM,"4,926,846"
Saturday,8 PM,"5,028,240"
Saturday,9 PM,"4,969,293"
Saturday,10 PM,"4,236,489"
Saturday,11 PM,"3,309,722"
