,,,,,,,,,,,,,,,,,,,,,,,,,
,"Negócio / Segmento
Produto",Jan./25,Feb./25,Mar./25,Apr./25,May./25,Jun./25,Jul./25,Aug./25,Sep./25,Oct./25,Nov./25,Dec./25,Jan./26,Feb./26,Mar./26,Apr./26,May./26,Jun./26,Jul./26,Aug./26,Sep./26,Oct./26,Nov./26,Dec./26
,TOTAL - 2025&2026,  89.426.481 ,  88.744.018 ,  95.615.552 ,  94.863.960 ,  97.899.915 ,  95.884.536 ,  98.946.799 ,  97.110.650 ,  104.150.107 ,  101.222.032 ,  98.177.118 ,  93.899.774 ,  98.534.533 ,  94.699.929 ,  107.149.350 ,  102.632.788 ,  108.674.733 ,  104.768.872 ,  109.991.963 ,  -   ,  -   ,  -   ,  -   ,  -   
, Real Estate,  45.031.554 ,  45.139.085 ,  49.681.265 ,  48.280.331 ,  49.497.052 ,  49.263.313 ,  50.691.556 ,  49.134.221 ,  49.105.332 ,  51.430.204 ,  49.063.465 ,  47.979.402 ,  49.460.624 ,  46.066.357 ,  52.415.971 ,  49.282.660 ,  51.792.916 ,  49.026.819 ,  52.042.662 ,  -   ,  -   ,  -   ,  -   ,  -   
,B&A,  37.203.057 ,  37.759.571 ,  41.875.918 ,  40.662.068 ,  41.540.838 ,  41.764.477 ,  43.188.761 ,  41.794.240 ,  42.406.137 ,  44.491.012 ,  42.102.574 ,  42.022.011 ,  42.536.416 ,  39.588.233 ,  45.531.455 ,  41.927.980 ,  44.815.165 ,  42.639.234 ,  45.415.923 ,  -   ,  -   ,  -   ,  -   ,  -   
,Classifieds - B&A,  36.951.475 ,  37.381.191 ,  41.538.388 ,  40.310.817 ,  41.196.485 ,  41.380.578 ,  42.730.648 ,  41.428.172 ,  41.987.779 ,  44.091.275 ,  41.679.874 ,  41.499.095 ,  42.168.533 ,  39.232.175 ,  45.099.642 ,  41.509.480 ,  44.416.817 ,  42.186.137 ,  44.875.302 ,  -   ,  -   ,  -   ,  -   ,  -   
,Remax / Tegarante / Klubi,  251.582 ,  378.380 ,  337.530 ,  351.251 ,  344.353 ,  383.899 ,  458.113 ,  366.068 ,  418.358 ,  399.737 ,  422.700 ,  522.916 ,  367.882 ,  356.058 ,  431.814 ,  418.499 ,  398.348 ,  453.098 ,  540.621 ,  -   ,  -   ,  -   ,  -   ,  -   
,Classifieds - Developers,  761.051 ,  658.954 ,  702.870 ,  672.948 ,  718.843 ,  616.057 ,  566.155 ,  501.931 ,  523.960 ,  527.430 ,  522.716 ,  442.161 ,  455.420 ,  434.892 ,  566.893 ,  521.090 ,  547.826 ,  554.460 ,  498.239 ,  -   ,  -   ,  -   ,  -   ,  -   
,Classifieds - Privates,  5.301.595 ,  4.862.173 ,  5.145.605 ,  5.080.844 ,  5.216.887 ,  4.960.315 ,  5.158.931 ,  5.095.272 ,  5.072.113 ,  5.225.085 ,  4.973.648 ,  4.520.790 ,  5.526.472 ,  4.795.959 ,  5.605.414 ,  5.246.794 ,  5.341.546 ,  5.054.973 ,  5.268.407 ,  -   ,  -   ,  -   ,  -   ,  -   
,Transactional & Fintech - For Sale,  155.072 ,  160.227 ,  150.809 ,  101.943 ,  140.121 ,  78.501 ,- 57.884 ,- 12.366 ,- 1.386 ,  33.033 ,  24.694 ,  24.926 ,  16.245 ,  11.259 ,- 4.563 ,- 3.456 ,  150 ,  609 ,  739 ,  -   ,  -   ,  -   ,  -   ,  -   
,Transactional & Fintech - Rentals,  72.398 ,  76.230 ,  81.758 ,  87.809 ,  91.079 ,  96.210 ,  102.330 ,  112.207 ,  118.975 ,  119.875 ,  127.441 ,  566 ,  -   ,  -   ,  -   ,  -   ,  -   ,  -   ,  -   ,  -   ,  -   ,  -   ,  -   ,  -   
,Data,  428.024 ,  456.604 ,  487.109 ,  462.230 ,  540.472 ,  526.095 ,  497.789 ,  538.571 ,  475.476 ,  482.011 ,  463.983 ,  448.897 ,  430.448 ,  141.718 ,  32.993 ,  -   ,  -   ,  -   ,  -   ,  -   ,  -   ,  -   ,  -   ,  -   
,CRM,  764.017 ,  738.583 ,  783.630 ,  762.078 ,  761.161 ,  750.984 ,  745.736 ,  739.950 , -,  27.260 ,  2.772 , -,  -   ,  561.394 ,  129.791 ,  -   ,  -   ,  -   ,  -   ,  -   ,  -   ,  -   ,  -   ,  -   
,Advertising,  346.340 ,  426.743 ,  453.566 ,  450.413 ,  487.652 ,  470.673 ,  489.739 ,  364.415 ,  510.057 ,  524.497 ,  845.637 ,  520.051 ,  495.625 ,  532.902 ,  553.987 ,  458.519 ,  434.961 ,  480.043 ,  561.854 ,  -   ,  -   ,  -   ,  -   ,  -   
,Indirect,  323.918 ,  362.978 ,  392.766 ,  399.124 ,  446.508 ,  422.928 ,  371.192 ,  361.134 ,  363.952 ,  446.449 ,  634.944 ,  458.702 ,  436.341 ,  372.789 ,  452.860 ,  402.678 ,  404.617 ,  408.353 ,  386.800 ,  -   ,  -   ,  -   ,  -   ,  -   
,Direct,  22.422 ,  63.765 ,  60.800 ,  51.237 ,  41.144 ,  47.709 ,  118.547 ,  3.281 ,  146.105 ,  78.048 ,  210.692 ,  61.349 ,  59.284 ,  160.113 ,  101.127 ,  55.841 ,  30.344 ,  71.689 ,  175.054 ,  -   ,  -   ,  -   ,  -   ,  -   
,CredAluga,  -   ,  -   ,  -   ,  -   ,  -   ,  -   ,  -   ,  -   ,  -   ,  -   ,  -   ,  -   ,  -   ,  -   ,  -   ,  1.131.732 ,  653.268 ,  297.500 ,  297.500 ,  -   ,  -   ,  -   ,  -   ,  -   
,,,,,,,,,,,,,,,,,,,,,,,,,
, Autos,  29.068.767 ,  29.336.076 ,  30.374.163 ,  31.066.337 ,  32.388.453 ,  31.228.988 ,  32.074.172 ,  31.381.324 ,  32.291.932 ,  32.937.728 ,  32.086.134 ,  30.009.354 ,  31.566.786 ,  31.802.551 ,  35.022.220 ,  34.196.756 ,  35.944.411 ,  35.655.789 ,  36.717.764 ,  -   ,  -   ,  -   ,  -   ,  -   
,Classifieds - Dealers,  19.977.266 ,  20.580.364 ,  20.760.265 ,  21.390.575 ,  22.223.438 ,  21.688.422 ,  21.963.773 ,  21.150.634 ,  21.977.628 ,  22.281.559 ,  21.816.348 ,  20.804.977 ,  21.293.972 ,  22.425.577 ,  23.612.427 ,  23.380.625 ,  24.337.830 ,  24.114.605 ,  24.682.395 ,  -   ,  -   ,  -   ,  -   ,  -   
,Classifieds - Privates,  7.508.406 ,  6.845.524 ,  7.328.633 ,  7.061.054 ,  7.504.700 ,  6.939.193 ,  7.473.038 ,  7.550.162 ,  7.575.842 ,  7.815.248 ,  7.564.387 ,  6.651.613 ,  7.791.003 ,  6.909.487 ,  8.531.494 ,  7.958.691 ,  8.470.293 ,  8.382.786 ,  9.030.131 ,  -   ,  -   ,  -   ,  -   ,  -   
,Transactional & Fintech,  496.104 ,  626.013 ,  731.071 ,  1.060.530 ,  1.170.365 ,  1.075.007 ,  1.156.203 ,  1.233.444 ,  1.210.222 ,  1.219.639 ,  1.200.531 ,  1.116.621 ,  1.143.530 ,  1.114.639 ,  1.425.795 ,  1.461.992 ,  1.679.682 ,  1.593.182 ,  1.621.352 ,  -   ,  -   ,  -   ,  -   ,  -   
,Altimus,  544.300 ,  572.395 ,  522.445 ,  566.600 ,  558.432 ,  537.379 ,  544.074 ,  575.425 ,  590.330 ,  621.724 ,  602.391 ,  588.804 ,  584.804 ,  578.987 ,  567.699 ,  558.008 ,  563.663 ,  564.954 ,  569.786 ,  -   ,  -   ,  -   ,  -   ,  -   
,Advertising,  542.690 ,  711.781 ,  1.031.748 ,  987.578 ,  931.518 ,  988.988 ,  937.083 ,  871.658 ,  937.910 ,  999.558 ,  902.477 ,  847.339 ,  753.477 ,  773.862 ,  884.804 ,  837.440 ,  892.943 ,  1.000.263 ,  814.100 ,  -   ,  -   ,  -   ,  -   ,  -   
,Indirect,  462.741 ,  476.408 ,  755.319 ,  706.142 ,  797.336 ,  785.437 ,  764.999 ,  813.801 ,  780.220 ,  792.921 ,  716.999 ,  688.490 ,  582.563 ,  583.418 ,  682.975 ,  631.011 ,  674.710 ,  682.193 ,  565.164 ,  -   ,  -   ,  -   ,  -   ,  -   
,Direct,  79.949 ,  235.373 ,  276.430 ,  281.436 ,  134.182 ,  203.551 ,  172.084 ,  57.857 ,  157.690 ,  206.637 ,  185.478 ,  158.850 ,  170.913 ,  190.444 ,  201.829 ,  206.429 ,  218.234 ,  318.069 ,  248.936 ,  -   ,  -   ,  -   ,  -   ,  -   
,,,,,,,,,,,,,,,,,,,,,,,,,
, Goods & Services,  15.325.842 ,  14.268.817 ,  15.560.104 ,  15.517.343 ,  16.014.410 ,  15.392.271 ,  16.181.071 ,  16.595.105 ,  15.887.788 ,  16.854.100 ,  17.027.520 ,  15.911.018 ,  17.507.123 ,  16.831.021 ,  19.711.159 ,  19.153.372 ,  20.937.406 ,  20.086.264 ,  21.231.536 ,  -   ,  -   ,  -   ,  -   ,  -   
,Classifieds - Goods Pros,  1.576.755 ,  1.561.744 ,  1.546.681 ,  1.542.285 ,  1.631.592 ,  1.513.662 ,  1.491.392 ,  1.486.305 ,  1.471.437 ,  1.267.132 ,  1.214.204 ,  1.323.933 ,  1.292.007 ,  1.289.180 ,  1.346.242 ,  1.226.493 ,  1.284.758 ,  1.255.049 ,  1.265.383 ,  -   ,  -   ,  -   ,  -   ,  -   
,Classifieds - Goods Privates,  3.693.659 ,  3.339.911 ,  3.512.489 ,  3.297.397 ,  3.495.975 ,  3.301.306 ,  3.558.441 ,  3.516.669 ,  3.305.898 ,  3.868.126 ,  3.832.545 ,  3.433.509 ,  3.927.729 ,  3.446.111 ,  3.887.468 ,  3.564.784 ,  3.645.097 ,  3.483.404 ,  3.598.449 ,  -   ,  -   ,  -   ,  -   ,  -   
,Classifieds - Jobs & Services, -, -, -, -, -, -, -, -, -, -, -, -,  -   ,  -   ,  -   ,  -   ,  -   ,  -   ,  -   ,  -   ,  -   ,  -   ,  -   ,  -   
,Transactional & Fintech,  8.446.668 ,  7.854.790 ,  8.526.615 ,  8.522.593 ,  8.851.224 ,  8.658.910 ,  9.352.721 ,  9.476.500 ,  9.317.403 ,  9.753.248 ,  9.361.081 ,  9.073.512 ,  10.557.543 ,  10.561.869 ,  12.535.730 ,  12.616.048 ,  14.190.761 ,  13.388.767 ,  14.559.055 ,  -   ,  -   ,  -   ,  -   ,  -   
,VAS Pay, -, -, -, -, -, -, -, -, -,  107.640 ,  45.170 ,  56.410 ,  50.640 ,  51.920 ,  60.460 ,  56.850 ,  54.060 ,  57.354 ,  60.606 ,  -   ,  -   ,  -   ,  -   ,  -   
,Intermediação,  4.928.563 ,  4.500.338 ,  4.864.382 ,  4.787.379 ,  5.191.573 ,  5.131.007 ,  5.395.639 ,  5.532.728 ,  5.510.851 ,  5.730.470 ,  5.675.690 ,  5.597.116 ,  6.543.636 ,  6.678.744 ,  8.293.718 ,  8.502.892 ,  9.785.342 ,  9.399.842 ,  10.359.656 ,  -   ,  -   ,  -   ,  -   ,  -   
,Taxa de Entrega,  2.526.645 ,  2.274.448 ,  2.379.830 ,  2.549.640 ,  2.448.851 ,  2.337.189 ,  2.666.209 ,  2.698.967 ,  2.611.518 ,  2.621.989 ,  2.487.863 ,  2.362.127 ,  2.735.118 ,  2.611.968 ,  2.872.349 ,  2.899.207 ,  3.159.223 ,  2.884.279 ,  3.047.146 ,  -   ,  -   ,  -   ,  -   ,  -   
,Parcelamento,  844.931 ,  1.045.061 ,  1.143.778 ,  1.048.302 ,  1.074.376 ,  1.056.600 ,  1.151.847 ,  1.125.962 ,  1.072.813 ,  1.161.989 ,  1.021.765 ,  944.570 ,  1.101.977 ,  1.099.146 ,  1.189.422 ,  1.047.200 ,  1.081.250 ,  924.498 ,  918.955 ,  -   ,  -   ,  -   ,  -   ,  -   
,Inatividade,  86.360 ,  7.476 ,  89.941 ,  85.279 ,  83.431 ,  79.851 ,  78.950 ,  79.032 ,  83.853 ,  81.145 ,  80.504 ,  77.981 ,  75.597 ,  73.905 ,  71.309 ,  69.214 ,  70.955 ,  72.577 ,  72.544 ,  -   ,  -   ,  -   ,  -   ,  -   
,VAS,  60.168 ,  27.466 ,  48.684 ,  51.994 ,  52.993 ,  54.263 ,  60.076 ,  39.811 ,  38.369 ,  50.015 ,  50.089 ,  35.308 ,  50.576 ,  46.186 ,  48.472 ,  40.685 ,  39.931 ,  50.216 ,  100.149 ,  -   ,  -   ,  -   ,  -   ,  -   
,Advertising,  1.608.760 ,  1.512.372 ,  1.974.319 ,  2.155.069 ,  2.035.619 ,  1.918.393 ,  1.778.518 ,  2.115.632 ,  1.793.051 ,  1.965.593 ,  2.619.691 ,  2.080.064 ,  1.729.843 ,  1.533.860 ,  1.941.720 ,  1.746.047 ,  1.816.789 ,  1.959.045 ,  1.808.650 ,  -   ,  -   ,  -   ,  -   ,  -   
,Indirect,  1.527.044 ,  1.429.225 ,  1.873.190 ,  1.964.917 ,  1.945.501 ,  1.812.547 ,  1.686.740 ,  1.812.929 ,  1.647.843 ,  1.880.557 ,  2.550.654 ,  1.935.091 ,  1.607.788 ,  1.463.804 ,  1.808.169 ,  1.628.831 ,  1.616.124 ,  1.783.465 ,  1.613.857 ,  -   ,  -   ,  -   ,  -   ,  -   
,Direct,  81.717 ,  83.147 ,  101.130 ,  190.151 ,  90.118 ,  105.846 ,  91.778 ,  302.703 ,  145.207 ,  85.036 ,  69.037 ,  144.973 ,  122.056 ,  70.056 ,  133.551 ,  117.215 ,  200.665 ,  175.579 ,  194.793 ,  -   ,  -   ,  -   ,  -   ,  -   
,,,,,,,,,,,,,,,,,,,,,,,,,
, Conecta,  318 ,  40 ,  20 , -, -, -, -, -,  6.865.055 , -, -, -,  -   ,  -   ,  -   ,  -   ,  -   ,  -   ,  -   ,  -   ,  -   ,  -   ,  -   ,  -   
,Conecta,  318 ,  40 ,  20 , -, -, -, -, -,  6.865.055 , -, -, -,  -   ,  -   ,  -   ,  -   ,  -   ,  -   ,  -   ,  -   ,  -   ,  -   ,  -   ,  -   